ticker,market,playbook,sector,red_flag,earnings_is_thesis,sentiment_score,notes
AAPL,US,A,Technology,,false,,
AAPL,US,B,Technology,,false,,
MSFT,US,A,Technology,,false,,
MSFT,US,B,Technology,,false,,
GOOGL,US,A,Technology,,false,,
GOOGL,US,B,Technology,,false,,
AMZN,US,A,Consumer,,false,,
AMZN,US,B,Consumer,,false,,
NVDA,US,A,Technology,,false,,
NVDA,US,B,Technology,,false,,
META,US,A,Technology,,false,,
META,US,B,Technology,,false,,
TSLA,US,A,Consumer,,false,,
TSLA,US,B,Consumer,,false,,
AVGO,US,A,Technology,,false,,
AVGO,US,B,Technology,,false,,
ORCL,US,A,Technology,,false,,
ORCL,US,B,Technology,,false,,
CRM,US,A,Technology,,false,,
CRM,US,B,Technology,,false,,
ADBE,US,A,Technology,,false,,
ADBE,US,B,Technology,,false,,
NOW,US,A,Technology,,false,,
NOW,US,B,Technology,,false,,
INTU,US,A,Technology,,false,,
INTU,US,B,Technology,,false,,
PANW,US,A,Technology,,false,,
PANW,US,B,Technology,,false,,
SNOW,US,A,Technology,,false,,
SNOW,US,B,Technology,,false,,
NET,US,A,Technology,,false,,
NET,US,B,Technology,,false,,
TWLO,US,A,Technology,,false,,
TWLO,US,B,Technology,,false,,
SHOP,US,A,Technology,,false,,
SHOP,US,B,Technology,,false,,
UBER,US,A,Technology,,false,,
UBER,US,B,Technology,,false,,
ABNB,US,A,Consumer,,false,,
ABNB,US,B,Consumer,,false,,
AMD,US,A,Technology,,false,,
AMD,US,B,Technology,,false,,
QCOM,US,A,Technology,,false,,
QCOM,US,B,Technology,,false,,
TXN,US,A,Technology,,false,,
TXN,US,B,Technology,,false,,
MU,US,A,Technology,,false,,
MU,US,B,Technology,,false,,
LRCX,US,A,Technology,,false,,
LRCX,US,B,Technology,,false,,
KLAC,US,A,Technology,,false,,
KLAC,US,B,Technology,,false,,
ASML,US,A,Technology,,false,,
ASML,US,B,Technology,,false,,
JPM,US,A,Financials,,false,,
JPM,US,B,Financials,,false,,
BAC,US,A,Financials,,false,,
BAC,US,B,Financials,,false,,
GS,US,A,Financials,,false,,
GS,US,B,Financials,,false,,
MS,US,A,Financials,,false,,
MS,US,B,Financials,,false,,
V,US,A,Financials,,false,,
V,US,B,Financials,,false,,
MA,US,A,Financials,,false,,
MA,US,B,Financials,,false,,
AXP,US,A,Financials,,false,,
AXP,US,B,Financials,,false,,
UNH,US,A,Healthcare,,false,,
UNH,US,B,Healthcare,,false,,
LLY,US,A,Healthcare,,false,,
LLY,US,B,Healthcare,,false,,
JNJ,US,A,Healthcare,,false,,
JNJ,US,B,Healthcare,,false,,
ABBV,US,A,Healthcare,,false,,
ABBV,US,B,Healthcare,,false,,
MRK,US,A,Healthcare,,false,,
MRK,US,B,Healthcare,,false,,
PFE,US,A,Healthcare,,false,,
PFE,US,B,Healthcare,,false,,
ISRG,US,A,Healthcare,,false,,
ISRG,US,B,Healthcare,,false,,
CAT,US,A,Industrials,,false,,
CAT,US,B,Industrials,,false,,
DE,US,A,Industrials,,false,,
DE,US,B,Industrials,,false,,
BA,US,A,Industrials,,false,,
BA,US,B,Industrials,,false,,
GE,US,A,Industrials,,false,,
GE,US,B,Industrials,,false,,
HON,US,A,Industrials,,false,,
HON,US,B,Industrials,,false,,
XOM,US,A,Energy,,false,,
XOM,US,B,Energy,,false,,
CVX,US,A,Energy,,false,,
CVX,US,B,Energy,,false,,
COST,US,A,Consumer,,false,,
COST,US,B,Consumer,,false,,
WMT,US,A,Consumer,,false,,
WMT,US,B,Consumer,,false,,
HD,US,A,Consumer,,false,,
HD,US,B,Consumer,,false,,
NKE,US,A,Consumer,,false,,
NKE,US,B,Consumer,,false,,
SBUX,US,A,Consumer,,false,,
SBUX,US,B,Consumer,,false,,
MCD,US,A,Consumer,,false,,
MCD,US,B,Consumer,,false,,
DIS,US,A,Consumer,,false,,
DIS,US,B,Consumer,,false,,
NEM,US,A,Materials,,false,,
NEM,US,B,Materials,,false,,
FCX,US,A,Materials,,false,,
FCX,US,B,Materials,,false,,
PLTR,US,A,Technology,,false,,
PLTR,US,B,Technology,,false,,
COIN,US,A,Financials,,false,,
COIN,US,B,Financials,,false,,
DDOG,US,A,Technology,,false,,
DDOG,US,B,Technology,,false,,
MDB,US,A,Technology,,false,,
MDB,US,B,Technology,,false,,
CRWD,US,A,Technology,,false,,
CRWD,US,B,Technology,,false,,
ZS,US,A,Technology,,false,,
ZS,US,B,Technology,,false,,
ADS.DE,EU,A,Consumer,,false,,
ADS.DE,EU,B,Consumer,,false,,
AIR.DE,EU,A,Industrials,,false,,
AIR.DE,EU,B,Industrials,,false,,
ALV.DE,EU,A,Financials,,false,,
ALV.DE,EU,B,Financials,,false,,
BAS.DE,EU,A,Materials,,false,,
BAS.DE,EU,B,Materials,,false,,
BAYN.DE,EU,A,Healthcare,,false,,
BAYN.DE,EU,B,Healthcare,,false,,
BEI.DE,EU,A,Consumer,,false,,
BEI.DE,EU,B,Consumer,,false,,
BMW.DE,EU,A,Consumer,,false,,
BMW.DE,EU,B,Consumer,,false,,
BNR.DE,EU,A,Materials,,false,,
BNR.DE,EU,B,Materials,,false,,
CBK.DE,EU,A,Financials,,false,,
CBK.DE,EU,B,Financials,,false,,
CON.DE,EU,A,Consumer,,false,,
CON.DE,EU,B,Consumer,,false,,
DTG.DE,EU,A,Industrials,,false,,
DTG.DE,EU,B,Industrials,,false,,
DBK.DE,EU,A,Financials,,false,,
DBK.DE,EU,B,Financials,,false,,
DB1.DE,EU,A,Financials,,false,,
DB1.DE,EU,B,Financials,,false,,
DHL.DE,EU,A,Industrials,,false,,
DHL.DE,EU,B,Industrials,,false,,
DTE.DE,EU,A,Technology,,false,,
DTE.DE,EU,B,Technology,,false,,
EOAN.DE,EU,A,Utilities,,false,,
EOAN.DE,EU,B,Utilities,,false,,
FRE.DE,EU,A,Healthcare,,false,,
FRE.DE,EU,B,Healthcare,,false,,
FME.DE,EU,A,Healthcare,,false,,
FME.DE,EU,B,Healthcare,,false,,
HNR1.DE,EU,A,Financials,,false,,
HNR1.DE,EU,B,Financials,,false,,
HEI.DE,EU,A,Materials,,false,,
HEI.DE,EU,B,Materials,,false,,
HEN3.DE,EU,A,Consumer,,false,,
HEN3.DE,EU,B,Consumer,,false,,
IFX.DE,EU,A,Technology,,false,,
IFX.DE,EU,B,Technology,,false,,
MBG.DE,EU,A,Consumer,,false,,
MBG.DE,EU,B,Consumer,,false,,
MRK.DE,EU,A,Healthcare,,false,,
MRK.DE,EU,B,Healthcare,,false,,
MTX.DE,EU,A,Industrials,,false,,
MTX.DE,EU,B,Industrials,,false,,
MUV2.DE,EU,A,Financials,,false,,
MUV2.DE,EU,B,Financials,,false,,
QIA.DE,EU,A,Healthcare,,false,,
QIA.DE,EU,B,Healthcare,,false,,
RHM.DE,EU,A,Industrials,,false,,
RHM.DE,EU,B,Industrials,,false,,
RWE.DE,EU,A,Utilities,,false,,
RWE.DE,EU,B,Utilities,,false,,
SAP.DE,EU,A,Technology,,false,,
SAP.DE,EU,B,Technology,,false,,
SRT3.DE,EU,A,Healthcare,,false,,
SRT3.DE,EU,B,Healthcare,,false,,
SIE.DE,EU,A,Industrials,,false,,
SIE.DE,EU,B,Industrials,,false,,
ENR.DE,EU,A,Industrials,,false,,
ENR.DE,EU,B,Industrials,,false,,
SHL.DE,EU,A,Healthcare,,false,,
SHL.DE,EU,B,Healthcare,,false,,
SY1.DE,EU,A,Materials,,false,,
SY1.DE,EU,B,Materials,,false,,
VOW3.DE,EU,A,Consumer,,false,,
VOW3.DE,EU,B,Consumer,,false,,
VNA.DE,EU,A,Real Estate,,false,,
VNA.DE,EU,B,Real Estate,,false,,
ZAL.DE,EU,A,Consumer,,false,,
ZAL.DE,EU,B,Consumer,,false,,
